{
  "ratings": {
    "minimax_d5": 1945.165626242426,
    "white_human_ft": 1621.9337876390557,
    "black_expert_v2": 1520.351585478636,
    "minimax_d4": 1468.2806783194194,
    "black_human_ft": 1414.7956217981744,
    "minimax_d3": 1410.8602417701852,
    "minimax_d1": 1388.8010286146232,
    "white_expert_v2": 1332.8813464887555,
    "minimax_d2": 1311.9300836487248
  },
  "games_per_side": 25
}